book name,author,price
Life's Amazing Secrets: How to Find Balance and Purpose in Your Life,"Gaur Gopal Das ",99
The Subtle Art of Not Giving a F*ck,"Mark Manson ",199
Think and Grow Rich,"Napoleon Hill ",99
The Girl in Room 105,"Chetan Bhagat ",99
"I Will Teach You Excel: Master Excel, Surpass Your Co-Workers, And Impress Your Boss!",Joel Villar,0
Rich Dad Poor Dad: What the Rich Teach Their Kids About Money That the Poor and Middle Class Do Not!,"Robert T. Kiyosaki ",159
The Theory of Everything,"Stephen Hawking ",105
Raavan: Enemy of Aryavarta (Ram Chandra Series - Book 3),"Amish Tripathi ",159
Attitude Is Everything: Change Your Attitude ... Change Your Life!,"Jeff Keller ",79
Mein Kampf,"Adolf Hitler ",115
The Monk Who Sold His Ferrari,"Robin Sharma ",103
Wings of Fire: An Autobiography of Abdul Kalam,"A. P. J. Abdul Kalam ",184
World War 1: A History From Beginning to End,Henry Freeman,0
Who Will Cry When You Die?,"Robin Sharma ",100
"Three Thousand Stitches: Ordinary People, Extraordinary Lives",,117
How to Stop Worrying and Start Living: Time-Tested Methods for Conquering Worry,"Dale Carnegie ",88
